"https://www.antonios.pizza/",
"https://www.hibachipizza.co/",
"https://depetrillos.com/contact",
"https://www.fireflourpizza.com/",
"https://www.fatbobpizza.com/",
"https://orchardstreetapparel.com/products/people-for-the-planet-pigment-dyed-tote-midnight-washed-navy-market-tote-celebrates-mother-earth",
"https://graciejames.com/products/black-woven-leather-bracelet",
"https://orchardstreetapparel.com/products/orchard-street-apparel-gift-card",
"https://graciejames.com/products/double-layer-leather-beads-bracelet",
"https://graciejames.com/products/woven-natural-fibers-bracelet",
"https://graciejames.com/products/brass-bracelet",
"https://graciejames.com/products/silver-metal-woven-leather-bracelet",
"https://graciejames.com/products/copy-of-masked-dog-series-one-of-a-kind-white-hair-accent-pre-columbian-protection-dog",
"https://graciejames.com/products/masked-dog-series-one-of-a-kind-feather-red-white-pre-columbian-protection-dog",
"https://graciejames.com/products/masked-dog-series-one-of-a-kind-feather-red-white-pre-columbian-protection-dog-1",
"https://graciejames.com/products/silver-and-diamond-tree-of-life",